{
    "Accuracy": 0.462882096069869,
    "SARI": 0.541020786400787,
    "Recall@10": 0.19956331877729255
}